date	volume	no of users
20130412	24	40
20130413	122	153
20130414	238	229
20130415	372	383
20130416	493	518
20130417	580	611
20130418	646	683
20130419	777	791
20130420	728	809
20130421	672	774
20130422	525	679
20130423	362	512
20130424	105	172
20130425	155	234
20130426	122	194
20130427	98	167
20130428	70	119
20130429	42	75
20130430	20	35
2013051	16	31
2013052	0	0
2013053	0	0
2013054	0	0
2013055	0	0
2013056	0	0
2013057	0	0
2013058	0	0
2013059	0	0
20130510	31	52
20130511	2	4
20130512	153	159
20130513	211	199
20130514	267	249
20130515	316	287
20130516	376	343
20130517	415	372
20130518	108	175
20130519	388	322
20130520	357	327
20130521	312	329
20130522	193	184
20130523	146	153
20130524	104	120
